-- phpMyAdmin SQL Dump
-- version 5.2.1
-- https://www.phpmyadmin.net/
--
-- Host: 127.0.0.1
-- Tempo de geração: 23/05/2025 às 03:03
-- Versão do servidor: 10.4.32-MariaDB
-- Versão do PHP: 8.2.12

SET SQL_MODE = "NO_AUTO_VALUE_ON_ZERO";
START TRANSACTION;
SET time_zone = "+00:00";


/*!40101 SET @OLD_CHARACTER_SET_CLIENT=@@CHARACTER_SET_CLIENT */;
/*!40101 SET @OLD_CHARACTER_SET_RESULTS=@@CHARACTER_SET_RESULTS */;
/*!40101 SET @OLD_COLLATION_CONNECTION=@@COLLATION_CONNECTION */;
/*!40101 SET NAMES utf8mb4 */;

--
-- Banco de dados: `ricardoc`
--

-- --------------------------------------------------------

--
-- Estrutura para tabela `contas`
--

CREATE TABLE `contas` (
  `Conta_id` int(11) NOT NULL,
  `Conta_Nome` varchar(140) NOT NULL,
  `Conta_Tipo` varchar(40) NOT NULL,
  `Conta_Estrutura` varchar(40) NOT NULL,
  `Conta_Sintetica` tinyint(4) DEFAULT NULL,
  `Grupo_id` int(11) NOT NULL
) ENGINE=InnoDB DEFAULT CHARSET=utf8mb4 COLLATE=utf8mb4_general_ci;

--
-- Despejando dados para a tabela `contas`
--

INSERT INTO `contas` (`Conta_id`, `Conta_Nome`, `Conta_Tipo`, `Conta_Estrutura`, `Conta_Sintetica`, `Grupo_id`) VALUES
(439, 'ATIVO', '', '1', 1, 1),
(440, 'ATIVO CIRCULANTE', '', '11', 1, 1),
(441, 'ATIVO DISPONIVEL', '', '111', 1, 1),
(442, 'NUMERARIOS', '', '111001', 1, 1),
(443, 'CAIXA PEQUENO', '', '1.1.1.001.0001-0', 0, 1),
(444, 'BANCOS CONTA MOVIMENTO', '', '111002', 1, 1),
(445, 'BANCO BRADESCO SA', '', '1.1.1.002.0001-5', 0, 1),
(446, 'BANCO DO BRASIL', '', '1.1.1.002.0002-3', 0, 1),
(447, 'BANCO CAIXA ECONOMICA FEDERAL', '', '1.1.1.002.0003-1', 0, 1),
(448, 'BANCO CITIBANK', '', '1.1.1.002.0004-0', 0, 1),
(449, 'BANCO ITAU SA', '', '1.1.1.002.0005-8', 0, 1),
(450, 'BANCO NOSSA CAIXA NOSSO BANCO', '', '1.1.1.002.0006-6', 0, 1),
(451, 'BANCO REAL SA', '', '1.1.1.002.0007-4', 0, 1),
(452, 'BANCO SAFRA SA', '', '1.1.1.002.0008-2', 0, 1),
(453, 'BANCO SANTANDER SA', '', '1.1.1.002.0009-0', 0, 1),
(454, 'BANCO UNIBANCO SA', '', '1.1.1.002.0010-4', 0, 1),
(455, 'APLICAÇÕES DE CURTO PRAZO', '', '111003', 1, 1),
(456, 'BANCO BRADESCO SA', '', '1.1.1.003.0001-0', 0, 1),
(457, 'BANCO DO BRASIL SA', '', '1.1.1.003.0002-8', 0, 1),
(458, 'CAIXA ECONOMICA FEDERAL', '', '1.1.1.003.0003-6', 0, 1),
(459, 'CITIBANK SA', '', '1.1.1.003.0004-4', 0, 1),
(460, 'BANCO ITAU SA', '', '1.1.1.003.0005-2', 0, 1),
(461, 'BANCO NOSSA CAIXA NOSSO BANCO', '', '1.1.1.003.0006-0', 0, 1),
(462, 'BANCO REAL SA', '', '1.1.1.003.0007-9', 0, 1),
(463, 'BANCO SAFRA SA', '', '1.1.1.003.0008-7', 0, 1),
(464, 'BANCO SANTADER SA', '', '1.1.1.003.0009-5', 0, 1),
(465, 'BANCO UNIBANCO SA', '', '1.1.1.003.0010-9', 0, 1),
(466, 'REALIZAVEL A CURTO PRAZO', '', '112', 1, 1),
(467, 'CONTAS A RECEBER', '', '112001', 1, 1),
(468, 'CLIENTE NACIONAIS', '', '1.1.2.001.0001-2', 0, 1),
(469, 'CLIENTES ESTRANGEIROS', '', '1.1.2.001.0002-0', 0, 1),
(470, 'CHEQUES A RECEBER', '', '1.1.2.001.0003-9', 0, 1),
(471, '(-) PDD', '', '1.1.2.001.0100-0', 0, 1),
(472, 'DUPLICATAS EM COBRANÇA', '', '112002', 1, 1),
(473, 'BANCO BRADESCO SA', '', '1.1.2.002.0001-7', 0, 1),
(474, 'BANCO DO BRASIL SA', '', '1.1.2.002.0002-5', 0, 1),
(475, 'CAIXA ECONOMICA FEDERAL', '', '1.1.2.002.0003-3', 0, 1),
(476, 'CITIBANK SA', '', '1.1.2.002.0004-1', 0, 1),
(477, 'BANCO ITAU SA', '', '1.1.2.002.0005-0', 0, 1),
(478, 'NOSSA CAIXA NOSSO BANCO', '', '1.1.2.002.0006-8', 0, 1),
(479, 'BANCO REAL SA', '', '1.1.2.002.0007-6', 0, 1),
(480, 'BANCO SAFRA SA', '', '1.1.2.002.0008-4', 0, 1),
(481, 'BANCO SANTANDER SA', '', '1.1.2.002.0009-2', 0, 1),
(482, 'BANCO UNIBANCO SA', '', '1.1.2.002.0010-6', 0, 1),
(483, 'OUTRAS CONTAS A RECEBER', '', '112003', 1, 1),
(484, 'OUTRAS CONTAS A RECEBER', '', '1.1.2.003.0001-1', 0, 1),
(485, 'ADIANTAMENTOS DIVERSOS', '', '112004', 1, 1),
(486, 'ADTO DE SALARIOS', '', '1.1.2.004.0001-6', 0, 1),
(487, 'ADTO DE FERIAS', '', '1.1.2.004.0002-4', 0, 1),
(488, 'ADTO DE 13o SALARIOS', '', '1.1.2.004.0003-2', 0, 1),
(489, 'EMPRESTIMOS CONSIGNADOS', '', '1.1.2.004.0004-0', 0, 1),
(490, 'EMPRESTIMOS A FUNCIONARIOS', '', '1.1.2.004.0005-9', 0, 1),
(491, 'OUTROS ADIANTAMENTOS', '', '112005', 1, 1),
(492, 'ADTO A FORNECEDORES NACIONAL', '', '1.1.2.005.0001-0', 0, 1),
(493, 'ADTO FORNECEDOR EXTERIOR', '', '1.1.2.005.0002-9', 0, 1),
(494, 'ADTO P/ VIAGENS', '', '1.1.2.005.0003-7', 0, 1),
(495, 'ESTOQUES', '', '112006', 1, 1),
(496, 'MATERIA PRIMA', '', '1.1.2.006.0001-5', 0, 1),
(497, 'PRODUTOS EM PROCESSO', '', '1.1.2.006.0002-3', 0, 1),
(498, 'PRODUTO ACABADO', '', '1.1.2.006.0003-1', 0, 1),
(499, 'MATERIAL DE EMBALAGEM', '', '1.1.2.006.0004-0', 0, 1),
(500, 'MATERIAL DE CONSUMO', '', '1.1.2.006.0005-8', 0, 1),
(501, 'MATERIAL AUXILIAR', '', '1.1.2.006.0006-6', 0, 1),
(502, 'MERCADORIA P/ REVENDA', '', '1.1.2.006.0007-4', 0, 1),
(503, 'ESTOQUES EM TRANSITO', '', '112007', 1, 1),
(504, 'MERCADORIA EM CONSIGNACAO', '', '1.1.2.007.0001-0', 0, 1),
(505, 'ESTOQUES DE TERCEIROS', '', '1.1.2.007.0002-8', 0, 1),
(506, 'ESTOQUES EM PODER DE TERCEIROS', '', '1.1.2.007.0003-6', 0, 1),
(507, 'MERC. ENVIADA EM CONSIGNACAO', '', '1.1.2.007.0004-4', 0, 1),
(508, 'OUTROS CREDITOS', '', '112008', 1, 1),
(509, 'IPI A RECUPERAR', '', '1.1.2.008.0001-4', 0, 1),
(510, 'ICMS A RECUPERAR', '', '1.1.2.008.0002-2', 0, 1),
(511, 'PIS A RECUPERAR', '', '1.1.2.008.0003-0', 0, 1),
(512, 'COFINS A RECUPERAR', '', '1.1.2.008.0004-9', 0, 1),
(513, 'ISS A RECUPERAR', '', '1.1.2.008.0005-7', 0, 1),
(514, 'INSS A RECUPERAR', '', '1.1.2.008.0006-5', 0, 1),
(515, 'IRRF A RECUPERAR', '', '1.1.2.008.0007-3', 0, 1),
(516, 'IRRF S/ APLICACOES A RECUPERAR', '', '1.1.2.008.0008-1', 0, 1),
(517, 'CSSL RETIDO A RECUPERAR', '', '1.1.2.008.0009-0', 0, 1),
(518, 'PGTOS INDEVIDOS / A MAIOR', '', '1.1.2.008.0010-3', 0, 1),
(519, 'IRPJ/CSSL A RECUPERAR', '', '112009', 1, 1),
(520, 'IRPJ ESTIMATIVA MENSAL', '', '1.1.2.009.0001-9', 0, 1),
(521, 'CSSL ESTIMATIVA MENSAL', '', '1.1.2.009.0002-7', 0, 1),
(522, 'SALDO NEGATIVO 20XX - IRPJ', '', '1.1.2.009.0003-5', 0, 1),
(523, 'SALDO NEGATIVO 20XX - CSSL', '', '1.1.2.009.0004-3', 0, 1),
(524, 'SALDO NEGATIVO IRPJ 20XX', '', '1.1.2.009.0005-1', 0, 1),
(525, 'SALDO NEGATIVO CSSL - 20XX', '', '1.1.2.009.0006-0', 0, 1),
(526, 'SALDO NEGATIVO CSSL 20XX', '', '1.1.2.009.0007-8', 0, 1),
(527, 'SALDO NEGATIVO IRPJ 20XX', '', '1.1.2.009.0008-6', 0, 1),
(528, 'SALDO NEGATIVO IRPJ 20XX', '', '1.1.2.009.0009-4', 0, 1),
(529, 'SALDO NEGATIVO CSSL 20XX', '', '1.1.2.009.0010-8', 0, 1),
(530, 'DESPESAS DE EXERCICIOS SEGUINTES', '', '112010', 1, 1),
(531, 'SEGUROS A APROPRIAR', '', '1.1.2.010.0001-1', 0, 1),
(532, 'ASSINATURAS A APROPRIAR', '', '1.1.2.010.0002-0', 0, 1),
(533, 'ATIVO NÃO CIRCULANTE', '', '12', 1, 1),
(534, 'REALIZÁVEL A LONGO PRAZO', '', '121', 1, 1),
(535, 'APLICACOES FINANCEIRAS', '', '121001', 1, 1),
(536, 'BRADESCO SA', '', '1.2.1.001.0001-9', 0, 1),
(537, 'BANCO DO BRASIL SA', '', '1.2.1.001.0002-7', 0, 1),
(538, 'CAIXA ECONOMICA FEDERAL', '', '1.2.1.001.0003-5', 0, 1),
(539, 'CITIBANK SA', '', '1.2.1.001.0004-3', 0, 1),
(540, 'BANCO ITAU SA', '', '1.2.1.001.0005-1', 0, 1),
(541, 'NOSSA CAIXA NOSSO BANCO', '', '1.2.1.001.0006-0', 0, 1),
(542, 'BANCO REAL SA', '', '1.2.1.001.0007-8', 0, 1),
(543, 'BANCO SAFRA SA', '', '1.2.1.001.0008-6', 0, 1),
(544, 'SANTANDER SA', '', '1.2.1.001.0009-4', 0, 1),
(545, 'UNIBANCO SA', '', '1.2.1.001.0010-8', 0, 1),
(546, 'ADIANTAMENTOS', '', '121002', 1, 1),
(547, 'CLIENTES NACIONAIS', '', '1.2.1.002.0001-3', 0, 1),
(548, 'CLIENTES EXTERIOR', '', '1.2.1.002.0002-1', 0, 1),
(549, 'DIREITOS A RECEBER', '', '121003', 1, 1),
(550, 'DEPOSITOS JUDICIAIS', '', '1.2.1.003.0001-8', 0, 1),
(551, 'CAUSA TRABALHISTAS', '', '1.2.1.003.0002-6', 0, 1),
(552, 'TITULOS DA DIVIDA PUBLICA', '', '1.2.1.003.0003-4', 0, 1),
(553, 'CONTA CORRENTE SOCIOS', '', '121004', 1, 1),
(554, 'SOCIO 01', '', '1.2.1.004.0001-2', 0, 1),
(555, 'SOCIO 02', '', '1.2.1.004.0002-0', 0, 1),
(556, 'SOCIO 03', '', '1.2.1.004.0003-9', 0, 1),
(557, 'SOCIO 04', '', '1.2.1.004.0004-7', 0, 1),
(558, 'EMPRESTIMOS ENTRE COLIGADAS', '', '121005', 1, 1),
(559, 'EMPRESA 01', '', '1.2.1.005.0001-7', 0, 1),
(560, 'EMPRESA 02', '', '1.2.1.005.0002-5', 0, 1),
(561, 'EMPRESA 03', '', '1.2.1.005.0003-3', 0, 1),
(562, 'EMPRESA 04', '', '1.2.1.005.0004-1', 0, 1),
(563, 'INVESTIMENTOS', '', '122', 1, 1),
(564, 'PARTICIPACOES SOCIETARIAS', '', '122001', 1, 1),
(565, 'PARTICIPACAO EMPRESA 01  ', '', '1.2.2.001.0001-0', 0, 1),
(566, 'ATIVO IMOBILIZADO', '', '123', 1, 1),
(567, 'IMOBILIZADO TANGIVEL', '', '123001', 1, 1),
(568, 'TERRENOS', '', '1.2.3.001.0001-2', 0, 1),
(569, 'VEICULOS', '', '1.2.3.001.0002-0', 0, 1),
(570, 'MAQUINAS E EQUIPAMENTOS', '', '1.2.3.001.0003-9', 0, 1),
(571, 'FERRAMENTAS', '', '1.2.3.001.0004-7', 0, 1),
(572, 'INSTALACOES', '', '1.2.3.001.0005-5', 0, 1),
(573, 'MOVEIS E UTENSILIOS', '', '1.2.3.001.0006-3', 0, 1),
(574, 'EQUIPAMENTOS DE INFORMATICA', '', '1.2.3.001.0007-1', 0, 1),
(575, 'SOFTWARES', '', '1.2.3.001.0008-0', 0, 1),
(576, '(-) DEPRECIACAO ACUMULADA', '', '123010', 1, 1),
(577, '(-) DEP. ACUM. VEICULOS', '', '1.2.3.010.0002-0', 0, 1),
(578, '(-) DEP. ACUM. MAQUINAS E EQUIPAMENTOS', '', '1.2.3.010.0003-8', 0, 1),
(579, '(-) DEP. ACUM. FERRAMENTAS', '', '1.2.3.010.0004-6', 0, 1),
(580, '(-) DEP. ACUM. INSTALACOES', '', '1.2.3.010.0005-4', 0, 1),
(581, '(-) DEP. ACUM. MOVEIS E UTENSILIOS', '', '1.2.3.010.0006-2', 0, 1),
(582, '(-) DEP. ACUM. EQUIAPAMENTOS DE INFORMAT', '', '1.2.3.010.0007-0', 0, 1),
(583, 'AMORTIZACAO ACUMULADA', '', '123011', 1, 1),
(584, '(-) AMORTIZACAO SOFTWARES', '', '1.2.3.011.0001-6', 0, 1),
(585, 'ATIVO INTANGIVEL', '', '124', 1, 1),
(586, 'BENS INTANGIVEIS', '', '124001', 1, 1),
(587, 'MARCAS E PATENTES          ', '', '1.2.4.001.0001-4', 1, 1),
(588, 'ATIVO DIFERIDO', '', '125', 1, 1),
(589, '\"GASTOS PRE OPERACIONAIS\r\n(-) AMORTIZACAO DO DIFERIDO\"', '', '\"125001\r\n125010\"', 1, 1),
(590, 'PASSIVO', '', '2', 1, 2),
(591, 'PASSIVO CIRCULANTE', '', '21', 1, 2),
(592, 'PASSIVO EXIGIVEL A CURTO PRAZO', '', '211', 0, 2),
(593, 'FORNECEDORES GERAIS', '', '211001', 1, 2),
(594, 'FORNECEDORES NACIONAIS', '', '2.1.1.001.0001-8', 0, 2),
(595, 'FORNECEDOR DE SERVICOS', '', '2.1.1.001.0002-6', 0, 2),
(596, 'FORNECEDORES ESTRANGEIROS', '', '2.1.1.001.0003-4', 0, 2),
(597, 'FORNECEDORES - IMPORTACOES', '', '211002', 0, 2),
(598, 'EMPRESTIMOS E FINANCIAMENTOS', '', '211003', 0, 2),
(599, 'BRADESCO SA', '', '2.1.1.003.0001-7', 0, 2),
(600, 'BANCO DO BRASIL', '', '2.1.1.003.0002-5', 0, 2),
(601, 'CAIXA ECONOMICA FEDERAL', '', '2.1.1.003.0003-3', 0, 2),
(602, 'CITIBANK SA', '', '2.1.1.003.0004-1', 0, 2),
(603, 'BANCO ITAU SA', '', '2.1.1.003.0005-0', 0, 2),
(604, 'NOSSA CAIXA NOSSO BANCO', '', '2.1.1.003.0006-8', 1, 2),
(605, 'BANCO REAL SA', '', '2.1.1.003.0007-6', 0, 2),
(606, 'BANCO SAFRA SA', '', '2.1.1.003.0008-4', 0, 2),
(607, 'SANTANDER SA', '', '2.1.1.003.0009-2', 0, 2),
(608, 'UNIBANCO SA', '', '2.1.1.003.0010-6', 0, 2),
(609, 'OBRIGACOES TRABALHISTAS', '', '211004', 0, 2),
(610, 'SALARIOS A PAGAR', '', '2.1.1.004.0001-1', 0, 2),
(611, 'PRO LABORE A PAGAR', '', '2.1.1.004.0002-0', 0, 2),
(612, 'FERIAS A PAGAR', '', '2.1.1.004.0003-8', 0, 2),
(613, '13o SALARIO A PAGAR', '', '2.1.1.004.0004-6', 0, 2),
(614, 'PENSAO ALIMENTICIA A PAGAR', '', '2.1.1.004.0005-4', 0, 2),
(615, 'AUTONOMOS A PAGAR', '', '2.1.1.004.0006-2', 1, 2),
(616, 'INDENIZACOES TRABALHISTAS', '', '2.1.1.004.0007-0', 1, 2),
(617, 'CONT. ASSISTENCIAL A RECOLHER', '', '2.1.1.004.0008-9', 0, 2),
(618, 'CONT. CONFEDERATIVA A RECOLHER', '', '2.1.1.004.0009-7', 0, 2),
(619, 'CONT. SINDICAL A RECOLHER', '', '2.1.1.004.0010-0', 0, 2),
(620, 'ENCARGOS TRABALHISTAS A PAGAR', '', '211005', 0, 2),
(621, 'FGTS A RECOLHER', '', '2.1.1.005.0001-6', 1, 2),
(622, 'INSS S/ SALARIOS A RECOLHER', '', '2.1.1.005.0002-4', 0, 2),
(623, 'IRRF S/ SALARIOS A RECOLHER', '', '2.1.1.005.0003-2', 0, 2),
(624, 'OBRIGACOES TRIBUTARIAS', '', '211006', 0, 2),
(625, 'IPI A RECOLHER', '', '2.1.1.006.0001-0', 0, 2),
(626, 'ICMS A RECOLHER', '', '2.1.1.006.0002-9', 0, 2),
(627, 'PIS A RECOLHER', '', '2.1.1.006.0003-7', 0, 2),
(628, 'COFINS A RECOLHER', '', '2.1.1.006.0004-5', 0, 2),
(629, 'ISS A RECOLHER', '', '2.1.1.006.0005-3', 0, 2),
(630, 'ICMS SUBSTITUICAO TRIBUTARIA', '', '2.1.1.006.0006-1', 0, 2),
(631, 'SIMPLES A RECOLHER', '', '2.1.1.006.0007-0', 0, 2),
(632, 'INSS PF A RECOLHER', '', '2.1.1.006.0008-8', 1, 2),
(633, 'INSS PJ A RECOLHER', '', '2.1.1.006.0009-6', 0, 2),
(634, 'IRRF PF A RECOLHER', '', '2.1.1.006.0010-0', 1, 2),
(635, 'IRRF PJ A RECOLHER', '', '2.1.1.006.0011-8', 0, 2),
(636, 'CSRF A RECOLHER', '', '2.1.1.006.0012-6', 0, 2),
(637, 'IRPJ / CSSL A RECOLHER', '', '211007', 0, 2),
(638, 'IRPJ A RECOLHER', '', '2.1.1.007.0001-5', 0, 2),
(639, 'CSSL A RECOLHER', '', '2.1.1.007.0002-3', 0, 2),
(640, 'OUTRAS CONTAS A PAGAR', '', '211008', 1, 2),
(641, 'COMISSOES A PAGAR', '', '2.1.1.008.0001-0', 0, 2),
(642, 'FRETES A PAGAR', '', '2.1.1.008.0002-8', 0, 2),
(643, 'ALUGUEIS A PAGAR', '', '2.1.1.008.0003-6', 0, 2),
(644, 'LEASING A PAGAR', '', '2.1.1.008.0004-4', 1, 2),
(645, 'JUROS SOBRE CAPITAL PROPRIO A PAGAR', '', '2.1.1.008.0005-2', 0, 2),
(646, 'OUTRAS CONTAS A PAGAR', '', '2.1.1.008.0007-9', 0, 2),
(647, 'ADIANTAMENTO DE CLIENTES', '', '2.1.1.008.0008-7', 0, 2),
(648, 'PROVISOES DIVERSAS', '', '211009', 0, 2),
(649, 'PROVISAO P/ 13o SALARIO', '', '2.1.1.009.0001-4', 0, 2),
(650, 'PROVISAO P/ FERIAS', '', '2.1.1.009.0002-2', 0, 2),
(651, 'PASSIVO NÃO CIRCULANTE', '', '22', 0, 2),
(652, 'EXIGIVEL A LONGO PRAZO', '', '221', 1, 2),
(653, 'FONECEDORES', '', '221001', 0, 2),
(654, 'FORNECEDORES NACIONAIS', '', '2.2.1.001.0001-6', 0, 2),
(655, 'FORNECEDORES EXTERIOR', '', '2.2.1.001.0002-4', 0, 2),
(656, 'EMPRESTIMOS E FINANCIAMENTOS', '', '221002', 0, 2),
(657, 'INSTITUICAO 01', '', '2.2.1.002.0001-0', 1, 2),
(658, 'INSTITUICAO 02', '', '2.2.1.002.0002-9', 0, 2),
(659, 'IMPOSTOS PARCELADOS', '', '221003', 0, 2),
(660, 'PARCELAMENTO 01', '', '2.2.1.003.0001-5', 0, 2),
(661, 'PARCELAMENTO 02', '', '2.2.1.003.0002-3', 0, 2),
(662, 'CONTA CORRENTE SOCIOS', '', '221004', 0, 2),
(663, 'JOHN CHARLES WOODROW', '', '2.2.1.004.0001-0', 0, 2),
(664, 'SOCIO 02', '', '2.2.1.004.0002-8', 0, 2),
(665, 'SOCIO 03', '', '2.2.1.004.0003-6', 0, 2),
(666, 'SOCIO 04', '', '2.2.1.004.0004-4', 0, 2),
(667, 'EMPRESTIMOS DE COLIGADAS', '', '221005', 0, 2),
(668, 'EMPRESA 01', '', '2.2.1.005.0001-4', 1, 2),
(669, 'EMPRESA 02', '', '2.2.1.005.0002-2', 0, 2),
(670, 'EMPRESA 03', '', '2.2.1.005.0003-0', 0, 2),
(671, 'EMPRESA 04', '', '2.2.1.005.0004-9', 0, 2),
(672, 'PATRIMONIO LIQUIDO', '', '23', 0, 2),
(673, 'CAPITAL SOCIAL', '', '231', 0, 2),
(674, 'CAPITAL SOCIAL', '', '231001', 0, 2),
(675, 'CAPITAL SOCIAL SUBSCRITO', '', '2.3.1.001.0001-4', 0, 2),
(676, 'CAPITAL SOCIAL A INTEGRALIZAR', '', '2.3.1.001.0002-2', 0, 2),
(677, 'CAPITAL - DOMICILIADOS NO PAIS', '', '2.3.1.001.0003-0', 0, 2),
(678, 'CAPITAL NÃO DOMICILIADOS', '', '2.3.1.001.0004-9', 1, 2),
(679, 'RESERVAS', '', '232', 0, 2),
(680, 'RESERVA DE CAPITAL', '', '2.3.2.001-0', 0, 2),
(681, 'RESERVA LEGAL', '', '2.3.2.002-9', 1, 2),
(682, 'RESERVA ESTATUTARIA', '', '2.3.2.003-7', 1, 2),
(683, 'RESERVAS P/ CONTINGENCIAS', '', '2.3.2.004-5', 1, 2),
(684, 'RESERVA ESPECIAL', '', '2.3.2.005-3', 0, 2),
(685, 'RESULTADOS ACUMULADOS', '', '232006', 0, 2),
(686, 'RESULTADO DE 20XX', '', '2.3.2.006.0001-9', 0, 2),
(687, 'RESULTADO DE 20XX', '', '2.3.2.006.0002-7', 0, 2),
(688, 'RESULTADO DE 20XX', '', '2.3.2.006.0003-5', 0, 2),
(689, 'RESULTADOS ACUMULADOS - 20XX', '', '2.3.2.006.0004-3', 0, 2),
(690, 'ACOES EM TESOURARIA', '', '232007', 0, 2),
(691, 'PREJUIZOS ACUMULADOS', '', '232008', 0, 2),
(692, 'RESULTADO DE 20XX', '', '2.3.2.008.0001-8', 0, 2),
(693, 'RESERVA LEGAL', '', '2.3.3-0', 0, 2),
(694, 'RESERVA ESTATUÁRIOS', '', '2.3.4-8', 1, 2),
(695, 'RESERVAS P/ CONTINGÊNCIAS', '', '2.3.5-6', 0, 2),
(696, 'RESERVA ESPECIAL', '', '2.3.6-4', 0, 2),
(697, 'AÇÕES EM TESOURARIA', '', '2.3.7-2', 1, 2),
(698, 'RESULTADOS ACUMULADOS', '', '238', 0, 2),
(699, 'RESULTADOS', '', '238001', 0, 2),
(700, 'RESERVA DE 20XX', '', '2.3.8.001.0001-7', 0, 2),
(701, 'RESULTADOS DE 20XX', '', '2.3.8.001.0002-5', 1, 2),
(702, 'PREJUÍZOS ACUMULADOS', '', '239', 0, 2),
(703, 'PREJUÍZOS ACUMULADOS', '', '239001', 0, 2),
(704, 'PREJUÍZOS DE 20XX', '', '2.3.9.001.0001-9', 0, 2),
(705, 'PREJUÍZO DE 20XX', '', '2.3.9.001.0002-7', 0, 2),
(706, 'PREJUÍZO DE 20XX', '', '2.3.9.001.0003-5', 1, 2),
(707, 'RECEITAS', '', '3', 0, 3),
(708, 'RECEITAS OPERACIONAIS', '', '31', 0, 3),
(709, 'RECEITA BRUTA', '', '311', 1, 3),
(710, 'RECEITA BRUTA DE VENDAS', '', '311001', 1, 3),
(711, 'RECEITA DE VENDA MERCADO INTERNO', '', '3.1.1.001.0001-5', 0, 3),
(712, 'RECEITACAO C/ EXPORTACAO', '', '3.1.1.001.0002-3', 1, 3),
(713, 'RECEITA DE SERVICOS', '', '3.1.1.001.0003-1', 1, 3),
(714, 'VENDA C/ ISENCOES', '', '3.1.1.001.0004-0', 0, 3),
(715, 'RECEITAS C/ INDUSTRIALIZACOES', '', '3.1.1.001.0005-8', 0, 3),
(716, 'RECEITA C/ SERVIÇOS EXTERIOR', '', '3.1.1.001.0006-6', 0, 3),
(717, '(-) DEDUCAO DA RECEITA BRUTA', '', '311002', 0, 3),
(718, '(-) IPI SOBRE VENDAS', '', '3.1.1.002.0001-0', 0, 3),
(719, '(-) ICMS SOBRE VENDAS', '', '3.1.1.002.0002-8', 0, 3),
(720, '(-) PIS SOBRE VENDAS', '', '3.1.1.002.0003-6', 0, 3),
(721, '(-) COFINS SOBRE VENDAS', '', '3.1.1.002.0004-4', 0, 3),
(722, '(-) ICMS SUBSTITUICAO TRIBUTARIA', '', '3.1.1.002.0005-2', 1, 3),
(723, '(-) ISS S/ SERVIÇOS', '', '3.1.1.002.0006-0', 0, 3),
(724, '(-) SIMPLES S/ FATURAMENTO', '', '3.1.1.002.0007-9', 0, 3),
(725, '(-) DEVOLUCAO DE VENDAS', '', '3.1.1.002.0008-7', 0, 3),
(726, '(-) IRPJ', '', '3.1.1.002.0009-5', 0, 3),
(727, '(-) CSSL', '', '3.1.1.002.0010-9', 0, 3),
(728, 'CUSTOS DOS PRODUTOS VENDIDOS', '', '311003', 0, 3),
(729, 'ESTOQUE INICIAIS', '', '3.1.1.003.0001-4', 1, 3),
(730, 'COMPRAS DE MERCADORIAS NACIONAIS', '', '3.1.1.003.0002-2', 0, 3),
(731, 'COMPRAS DE MERC. EXTERIOR', '', '3.1.1.003.0003-0', 1, 3),
(732, '(-) ICMS SOBRE COMPRAS', '', '3.1.1.003.0004-9', 1, 3),
(733, '(-) IPI SOBRE COMPRAS', '', '3.1.1.003.0005-7', 0, 3),
(734, '(-) PIS S/ COMPRAS', '', '3.1.1.003.0006-5', 0, 3),
(735, '(-) COFINS S/ COMPRAS', '', '3.1.1.003.0007-3', 1, 3),
(736, 'FRETES S/ COMPRAS', '', '3.1.1.003.0008-1', 1, 3),
(737, 'BENEFICIAMENTO EF. POR 3º', '', '3.1.1.003.0009-0', 1, 3),
(738, '(-) ESTOQUE FINAL', '', '3.1.1.003.0010-3', 1, 3),
(739, 'CUSTOS DOS PRODUTOS INDUSTRIALIZADOS', '', '311004', 1, 3),
(740, 'ESTOQUES INICIAIS', '', '3.1.1.004.0001-9', 1, 3),
(741, 'COMPRAS DE MERCADORIAS NACIONAIS', '', '3.1.1.004.0002-7', 0, 3),
(742, 'COMPRAS DE MERC. EXTERIOR', '', '3.1.1.004.0003-5', 0, 3),
(743, '(-) ICMS SOBRE COMRPAS', '', '3.1.1.004.0004-3', 0, 3),
(744, '(-) IPI SOBRE COMPRAS', '', '3.1.1.004.0005-1', 1, 3),
(745, '(-) PIS SOBRE COMPRAS', '', '3.1.1.004.0006-0', 1, 3),
(746, '(-) COFINS SOBRE COMPRAS', '', '3.1.1.004.0007-8', 0, 3),
(747, 'FRETES SOBRE COMPRAS', '', '3.1.1.004.0008-6', 0, 3),
(748, 'BENEFICIAMENTO EFET. POR 3o', '', '3.1.1.004.0009-4', 0, 3),
(749, '(-) ESTOQUE FINAL', '', '3.1.1.004.0010-8', 0, 3),
(750, 'CUSTO DOS PRODUTOS INDUSTRIALIZADOS', '', '3.1.1.040-0', 0, 3),
(751, 'OUTRAS RECEITAS OPERACIONAIS', '', '312', 0, 3),
(752, 'RECEITAS FINANCEIRAS', '', '312001', 0, 3),
(753, 'REND. APLICACAO FINANCEIRA', '', '3.1.2.001.0001-7', 0, 3),
(754, 'DESCONTO OBTIDOS', '', '3.1.2.001.0002-5', 0, 3),
(755, 'JUROS ATIVOS', '', '3.1.2.001.0003-3', 1, 3),
(756, 'VARIACAO CAMBIAL ATIVA', '', '312002', 0, 3),
(757, 'V. C. ATIVA REALIZADA', '', '3.1.2.002.0001-1', 0, 3),
(758, 'V. C. ATIVA NAO REALIZADA ', '', '3.1.2.002.0002-0', 0, 3),
(759, 'RECEITAS NAO OPERACIONAIS', '', '32', 0, 3),
(760, 'OUTRAS RECEITAS', '', '321', 0, 3),
(761, 'ALIENACAO DE ATIVO FIXO', '', '321001', 0, 3),
(762, 'VENDA DE ATIVO FIXO', '', '3.2.1.001.0001-3', 0, 3),
(763, 'CUSTO DO ATIVO FIXO', '', '3.2.1.001.0002-1', 0, 3),
(764, '(-) BAIXA DE DEPRECIAÇÃO DO ATIVO FIXO', '', '3.2.1.001.0003-0', 0, 3),
(765, 'DESPESAS', '', '4', 1, 4),
(766, 'DESPESAS OPERACIONAIS', '', '41', 0, 4),
(767, 'DESPESAS GERAIS', '', '411', 0, 4),
(768, 'DESPESAS C/ PESSOAL', '', '411001', 0, 4),
(769, 'SALARIOS E ENCARGOS', '', '4.1.1.001.0001-2', 1, 4),
(770, 'FERIAS', '', '4.1.1.001.0002-0', 0, 4),
(771, '13 SALARIO', '', '4.1.1.001.0003-9', 0, 4),
(772, 'PRO LABORE', '', '4.1.1.001.0004-7', 0, 4),
(773, 'ESTAGIO', '', '4.1.1.001.0005-5', 0, 4),
(774, 'GRATIFICACOES', '', '4.1.1.001.0006-3', 0, 4),
(775, 'PLR - PARTICIPACAO NOS LUCROS', '', '4.1.1.001.0007-1', 0, 4),
(776, 'BOLSA - CURSOS E TREINAMENTOS', '', '4.1.1.001.0008-0', 0, 4),
(777, 'RESCISOES TRABALHISTAS', '', '4.1.1.001.0009-8', 0, 4),
(778, 'AJUDA DE CUSTOS', '', '4.1.1.001.0010-1', 0, 4),
(779, 'VALE REFEICAO', '', '4.1.1.001.0012-8', 0, 4),
(780, 'VALE TRANSPORTE', '', '4.1.1.001.0013-6', 0, 4),
(781, 'UNIFORMES', '', '4.1.1.001.0014-4', 0, 4),
(782, 'ASSISTENCIA MEDICA', '', '4.1.1.001.0015-2', 1, 4),
(783, 'ASSISTENCIA ODONTOLOGICA', '', '4.1.1.001.0016-0', 0, 4),
(784, 'DESPESAS C/ PCMSO', '', '4.1.1.001.0017-9', 0, 4),
(785, 'INSS', '', '4.1.1.001.0018-7', 1, 4),
(786, 'FGTS S/ SALARIOS', '', '4.1.1.001.0019-5', 0, 4),
(787, 'HORAS EXTRAS', '', '4.1.1.001.0020-9', 0, 4),
(788, 'DESPESAS ADMINISTRATIVAS', '', '411002', 0, 4),
(789, 'DESPESAS C/ CARTORIOS', '', '4.1.1.002.0001-7', 0, 4),
(790, 'ASSINATURA DE JORNAIS E REVISTAS', '', '4.1.1.002.0002-5', 0, 4),
(791, 'DESPESAS ADMINISTRATIVAS', '', '4.1.1.002.0003-3', 0, 4),
(792, 'DESPESAS DE ESCRITÓRIO', '', '4.1.1.002.0004-1', 0, 4),
(793, 'DESPESAS C/ COMUNICACAO', '', '411003', 1, 4),
(794, 'TELEFONIA FIXA', '', '4.1.1.003.0001-1', 0, 4),
(795, 'TELEFONIA MOVEL', '', '4.1.1.003.0002-0', 0, 4),
(796, 'DESP. C/ INTERNET', '', '4.1.1.003.0003-8', 1, 4),
(797, 'DESPESAS C/ OCUPACAO', '', '411004', 1, 4),
(798, 'AGUA / ESGOTO', '', '4.1.1.004.0001-6', 1, 4),
(799, 'ENERGIA ELETRICA', '', '4.1.1.004.0002-4', 0, 4),
(800, 'ALUGUEIS', '', '4.1.1.004.0003-2', 0, 4),
(801, 'CONDOMINIO', '', '4.1.1.004.0004-0', 1, 4),
(802, 'MANUTENCAO / REPAROS', '', '4.1.1.004.0005-9', 0, 4),
(803, 'IPTU', '', '4.1.1.004.0006-7', 0, 4),
(804, 'LIMPEZA ESCRITÓRIO', '', '4.1.1.004.0007-5', 1, 4),
(805, 'DESPESAS DE ESCRITORIOS', '', '411005', 0, 4),
(806, 'MATERIAL DE ESCRITORIO', '', '4.1.1.005.0001-0', 0, 4),
(807, 'MATERIAL DE HIGIENE E LIMPEZA', '', '4.1.1.005.0002-9', 1, 4),
(808, 'SUPRIMENTOS DE INFORMATICA', '', '4.1.1.005.0003-7', 0, 4),
(809, 'DESPESAS C/ COPA', '', '4.1.1.005.0004-5', 0, 4),
(810, 'DESPESAS DE LOGISTICA', '', '411006', 0, 4),
(811, 'CORREIOS', '', '4.1.1.006.0001-5', 0, 4),
(812, 'FRETES E CARRETOS', '', '4.1.1.006.0002-3', 1, 4),
(813, 'SERVICOS DE MOTOBOY', '', '4.1.1.006.0003-1', 0, 4),
(814, 'DESPESAS C/ VENDAS', '', '411007', 0, 4),
(815, 'BRINDES', '', '4.1.1.007.0001-0', 0, 4),
(816, 'BONIFICACOES', '', '4.1.1.007.0002-8', 0, 4),
(817, 'PROPAGANDA DE PUBLICIDADE', '', '4.1.1.007.0003-6', 0, 4),
(818, 'EVENTOS', '', '4.1.1.007.0004-4', 1, 4),
(819, 'DESPESAS C/ VIAGENS', '', '411008', 1, 4),
(820, 'LOCACAO DE VEICULOS', '', '4.1.1.008.0001-4', 1, 4),
(821, 'HOSPEDAGEM', '', '4.1.1.008.0002-2', 0, 4),
(822, 'PASSAGENS', '', '4.1.1.008.0003-0', 0, 4),
(823, 'PEDAGIOS', '', '4.1.1.008.0004-9', 0, 4),
(824, 'LANCHES / REFEICOES', '', '4.1.1.008.0005-7', 0, 4),
(825, 'TAXI', '', '4.1.1.008.0006-5', 1, 4),
(826, 'LOCOMOÇÃO', '', '4.1.1.008.0007-3', 1, 4),
(827, 'REEMBOLSO DE COMBUSTIVEL', '', '4.1.1.008.0008-1', 1, 4),
(828, 'VIAGENS E ESTADIAS', '', '4.1.1.008.0009-0', 1, 4),
(829, 'ESTACIONAMENTO', '', '4.1.1.008.0010-3', 1, 4),
(830, 'DEPRECIACOES / AMORTIZACOES', '', '411009', 1, 4),
(831, 'DESPESAS C/ DEPRECIACOES', '', '4.1.1.009.0001-9', 1, 4),
(832, 'DESPESAS C/ AMORTIZACOES', '', '4.1.1.009.0002-7', 0, 4),
(833, 'SERVICOS PRESTADOS PJ', '', '411010', 0, 4),
(834, 'ASSESSORIA CONTABIL', '', '4.1.1.010.0001-1', 0, 4),
(835, 'ASSESSORIA JURIDICA', '', '4.1.1.010.0002-0', 0, 4),
(836, 'CONSULTORIAS', '', '4.1.1.010.0003-8', 1, 4),
(837, 'SERVICOS DE LIMPEZA', '', '4.1.1.010.0004-6', 1, 4),
(838, 'SERVICOS DE VIGILANCIA', '', '4.1.1.010.0005-4', 0, 4),
(839, 'SERVICOS DE INFORMATICA', '', '4.1.1.010.0006-2', 1, 4),
(840, 'OUTROS SERVIÇOS PJ', '', '4.1.1.010.0007-0', 1, 4),
(841, 'SERVICOS PRESTADOS PF', '', '411011', 1, 4),
(842, 'SERVICOS DE LIMPEZA PF', '', '4.1.1.011.0001-6', 1, 4),
(843, 'DESPESAS TRIBUTARIAS', '', '411012', 1, 4),
(844, 'ASSOCIACAO DE CLASSES', '', '4.1.1.012.0001-0', 1, 4),
(845, 'TAXAS FEDERAIS', '', '4.1.1.012.0002-9', 1, 4),
(846, 'TAXAS ESTADUAIS', '', '4.1.1.012.0003-7', 0, 4),
(847, 'TAXAS MUNICIPAIS', '', '4.1.1.012.0004-5', 0, 4),
(848, 'TAXAS SINDICAIS', '', '4.1.1.012.0005-3', 1, 4),
(849, 'PROVISOES DIVERSAS', '', '411013', 1, 4),
(850, 'PROVISAO DE FERIAS', '', '4.1.1.013.0001-5', 0, 4),
(851, 'PROVISAO DE 13o SALARIO', '', '4.1.1.013.0002-3', 0, 4),
(852, 'OUTRAS PROVISOES', '', '4.1.1.013.0003-1', 0, 4),
(853, 'DESPESAS FINANCEIRAS', '', '412', 1, 4),
(854, 'DESPESAS FINANCEIRAS', '', '412001', 1, 4),
(855, 'DESPESAS BANCARIAS', '', '4.1.2.001.0001-4', 1, 4),
(856, 'IOF / IOC', '', '4.1.2.001.0002-2', 1, 4),
(857, 'JUROS PASSIVOS', '', '4.1.2.001.0003-0', 1, 4),
(858, 'DESCONTO CONCEDIDOS', '', '4.1.2.001.0004-9', 1, 4),
(859, 'TARIFAS DE CAMBIO', '', '4.1.2.001.0005-7', 0, 4),
(860, 'VARIACAO CAMBIAL PASSIVA', '', '412002', 0, 4),
(861, 'V. C. PASSIVA REALIZADA', '', '4.1.2.002.0001-9', 0, 4),
(862, 'V. C . NAO REALIZADA', '', '4.1.2.002.0002-7', 0, 4),
(863, 'OUTRAS DESPESAS OPERACIONAIS', '', '42', 0, 4),
(864, 'OUTRAS DESPESAS NAO OPERACIONAIS', '', '421', 0, 4),
(865, 'DESPESAS INDEDUTIVEIS', '', '421001', 1, 4),
(866, 'MULTAS FEDERAIS', '', '4.2.1.001.0001-0', 0, 4),
(867, 'MULTAS ESTADUAIS', '', '4.2.1.001.0002-9', 0, 4),
(868, 'MULTAS MUNICIPAIS', '', '4.2.1.001.0003-7', 0, 4),
(869, 'MULTAS DE TRANSITO', '', '4.2.1.001.0004-5', 0, 4),
(870, 'OUTRAS DESPESAS INDEDUTIVEIS', '', '421002', 0, 4),
(871, 'DOACOES', '', '4.2.1.002.0001-5', 0, 4),
(872, 'APURAÇÃO DO RESULTADO', '', '5', 0, 5),
(873, 'APURAÇÃO DO RESULTADO', '', '51', 0, 5),
(874, 'APURAÇÃO DO RESULTADO', '', '511', 0, 5),
(875, 'APURAÇÃO DO RESULTADO', '', '511001', 0, 5),
(876, ' APURAÇÃO DO RESULTADO ', '', '5.1.1.001.0001-0', 1, 5);

-- --------------------------------------------------------

--
-- Estrutura para tabela `grupo`
--

CREATE TABLE `grupo` (
  `Grupo_id` int(11) NOT NULL,
  `Grupo_Nome` varchar(255) NOT NULL,
  `Grupo_Nat` tinyint(1) NOT NULL
) ENGINE=InnoDB DEFAULT CHARSET=utf8mb4 COLLATE=utf8mb4_general_ci;

--
-- Despejando dados para a tabela `grupo`
--

INSERT INTO `grupo` (`Grupo_id`, `Grupo_Nome`, `Grupo_Nat`) VALUES
(1, 'ativo', 1),
(2, 'passivo', 0),
(3, 'receita', 0),
(4, 'despesa', 0),
(5, 'resultado', 0);

-- --------------------------------------------------------

--
-- Estrutura para tabela `lancamentos`
--

CREATE TABLE `lancamentos` (
  `Lanc_id` int(11) NOT NULL,
  `Lanc_data` date NOT NULL,
  `Lanc_conta` int(11) NOT NULL,
  `Lanc_valor` decimal(10,0) NOT NULL,
  `Lanc_historico` varchar(255) NOT NULL,
  `Lanc_Tipo` tinyint(1) NOT NULL
) ENGINE=InnoDB DEFAULT CHARSET=utf8mb4 COLLATE=utf8mb4_general_ci;

--
-- Despejando dados para a tabela `lancamentos`
--

INSERT INTO `lancamentos` (`Lanc_id`, `Lanc_data`, `Lanc_conta`, `Lanc_valor`, `Lanc_historico`, `Lanc_Tipo`) VALUES
(9, '0000-00-00', 442, 0, 'etrs', 0),
(10, '0000-00-00', 439, 123123, 'dassaddsa', 0),
(11, '0000-00-00', 441, 123123123, 'asdasdasdasd', 0),
(12, '0000-00-00', 443, 123123123, 'asdasdasdasd', 0),
(13, '0000-00-00', 443, 0, '', 0),
(14, '0000-00-00', 443, 0, '', 0),
(15, '0000-00-00', 443, 0, '', 0),
(16, '0000-00-00', 443, 0, '', 0),
(17, '0000-00-00', 443, 0, '', 0),
(18, '0000-00-00', 443, 0, '', 1),
(19, '0000-00-00', 443, 0, '', 0),
(20, '0000-00-00', 443, 0, '', 1),
(21, '0000-00-00', 443, 0, '', 1),
(22, '0000-00-00', 443, 0, '', 0);

--
-- Índices para tabelas despejadas
--

--
-- Índices de tabela `contas`
--
ALTER TABLE `contas`
  ADD PRIMARY KEY (`Conta_id`),
  ADD UNIQUE KEY `Conta_id` (`Conta_id`),
  ADD KEY `Contas_fk5` (`Grupo_id`);

--
-- Índices de tabela `grupo`
--
ALTER TABLE `grupo`
  ADD PRIMARY KEY (`Grupo_id`),
  ADD UNIQUE KEY `Grupo_id` (`Grupo_id`);

--
-- Índices de tabela `lancamentos`
--
ALTER TABLE `lancamentos`
  ADD PRIMARY KEY (`Lanc_id`),
  ADD UNIQUE KEY `Lanc_id` (`Lanc_id`),
  ADD KEY `Lancamentos_fk2` (`Lanc_conta`);

--
-- AUTO_INCREMENT para tabelas despejadas
--

--
-- AUTO_INCREMENT de tabela `contas`
--
ALTER TABLE `contas`
  MODIFY `Conta_id` int(11) NOT NULL AUTO_INCREMENT, AUTO_INCREMENT=877;

--
-- AUTO_INCREMENT de tabela `grupo`
--
ALTER TABLE `grupo`
  MODIFY `Grupo_id` int(11) NOT NULL AUTO_INCREMENT, AUTO_INCREMENT=6;

--
-- AUTO_INCREMENT de tabela `lancamentos`
--
ALTER TABLE `lancamentos`
  MODIFY `Lanc_id` int(11) NOT NULL AUTO_INCREMENT, AUTO_INCREMENT=23;

--
-- Restrições para tabelas despejadas
--

--
-- Restrições para tabelas `contas`
--
ALTER TABLE `contas`
  ADD CONSTRAINT `Contas_fk5` FOREIGN KEY (`Grupo_id`) REFERENCES `grupo` (`Grupo_id`);

--
-- Restrições para tabelas `lancamentos`
--
ALTER TABLE `lancamentos`
  ADD CONSTRAINT `Lancamentos_fk2` FOREIGN KEY (`Lanc_conta`) REFERENCES `contas` (`Conta_id`);
COMMIT;

/*!40101 SET CHARACTER_SET_CLIENT=@OLD_CHARACTER_SET_CLIENT */;
/*!40101 SET CHARACTER_SET_RESULTS=@OLD_CHARACTER_SET_RESULTS */;
/*!40101 SET COLLATION_CONNECTION=@OLD_COLLATION_CONNECTION */;
